{"cameraMode":{"drawMode":0,"name":"Shaded","section":"Shading Mode"},"sceneLighting":false,"audioPlay":false,"sceneViewState":{"showFog":true,"showMaterialUpdate":false,"showSkybox":false,"showFlares":true,"showImageEffects":true,"showParticleSystems":true},"in2DMode":false,"pivot":{"x":-0.33797141909599306,"y":1.3006491661071778,"z":-11.850698471069336},"rotation":{"x":-0.045958928763866428,"y":0.7156530022621155,"z":-0.04730185493826866,"w":-0.6953362226486206},"size":0.2857886850833893,"orthographic":true}