{"cameraMode":{"drawMode":0,"name":"Shaded","section":"Shading Mode"},"sceneLighting":false,"audioPlay":false,"sceneViewState":{"showFog":true,"showMaterialUpdate":false,"showSkybox":false,"showFlares":true,"showImageEffects":true,"showParticleSystems":true},"in2DMode":false,"pivot":{"x":-1.2117540836334229,"y":0.5499985218048096,"z":-9.78600025177002},"rotation":{"x":-0.16060055792331696,"y":-0.09135959297418595,"z":0.014929776079952717,"w":-0.9826726913452148},"size":1.4289418458938599,"orthographic":false}