{"cameraMode":{"drawMode":0,"name":"Shaded","section":"Shading Mode"},"sceneLighting":true,"audioPlay":false,"sceneViewState":{"showFog":true,"showMaterialUpdate":false,"showSkybox":true,"showFlares":true,"showImageEffects":true,"showParticleSystems":true},"in2DMode":false,"pivot":{"x":-2.057075262069702,"y":1.0716989040374756,"z":-10.998109817504883},"rotation":{"x":0.006346102803945541,"y":0.9453754425048828,"z":0.018437160179018976,"w":-0.32539984583854678},"size":4.782340049743652,"orthographic":false}